accuracy,precision,recall
0.2708333333333333,0.06046511627906977,0.15294117647058822
