accuracy,precision,recall
0.5714285714285714,0.58125,0.5702380952380952
